Full Name,Email,Age,Join Date,Comments
Sarah Lewis,sarahlewisyahoo.com ,30,,Excellent
Laura  Smith,laurasmith@yahoo.com,32,16/08/2023,Good
david  lewis,davidlewis@hotmail.com ,25,10/02/2024,N/A
Emily Walker,emilywalker@hotmail.com ,,2023.05.16,Good
Emily Walker,emilywalker@hotmail.com,22,28/11/2023,
Sarah Smith,sarahsmith@yahoo.com,28,2023.09.23,Good
Mike Young,mikeyoung@mail.com,32,2023.10.15,Excellent
David Brown,davidbrown@mail.com ,29,, n/a 
Sophie Walker,sophiewalker@yahoo.com,34,19/05/2024,Good
Laura Johnson,laurajohnson@mail.com,30,22/11/2023,Needs improvement
Robert Brown,robertbrown@hotmail.com,28,22/04/2024,Needs improvement
Laura Smith,laurasmith@yahoo.com,,12/02/2023,N/A
John Young,johnyoung@yahoo.com,28,10/07/2023,Good
Sarah  Johnson,sarahjohnson@yahoo.com,34,2024.05.15,Excellent
mike  smith,mikesmith@mail.com ,22,2023.07.16,Needs improvement
Robert Smith,robertsmith@yahoo.com,22,12/08/2023,OK
David Lewis,davidlewis@hotmail.com ,32,2023.11.18,Excellent
Anna  Lee,annalee@yahoo.com,,,Needs improvement
Anna Walker,annawalker@mail.com,,,OK
Chris  Allen,chrisallen@mail.com ,,19/11/2024,Good
mike hall,mikehall@hotmail.com,,07/11/2023,Needs improvement
sarah allen,sarahallen@gmail.com,28,10/12/2023,
chris allen,chrisallen@yahoo.com,34,2024.05.20,Needs improvement
,noemail,34,14/06/2023,Excellent
Sophie Lewis,sophielewis@yahoo.com,32,06/12/2024,Good
David  Hall,davidhall@hotmail.com ,29,18/01/2023,Needs improvement
Sophie Young,sophieyoung@mail.com,34,18/08/2023,Needs improvement
Chris  Hall,chrishall@gmail.com,25,02/10/2024,Excellent
Anna  Walker,annawalker@yahoo.com,28,2023.01.07,Excellent
Emily Johnson,emilyjohnson@hotmail.com ,22,01/03/2024,
Sarah Lewis,sarahlewis@mail.com ,,,N/A
John Young,johnyoung@gmail.com,34,2024.09.28, n/a 
David Hall,davidhall@mail.com,25,18/09/2024,Good
emily brown,emilybrown@gmail.com,,2023.04.07,N/A
sophie young,sophieyoung@yahoo.com,29,02/04/2024,N/A
Anna Allen,annaallen@yahoo.com,30,15/04/2023,OK
sophie brown,sophiebrown@gmail.com,30,26/07/2023,Excellent
David Smith,davidsmith@hotmail.com,32,2023.04.06, n/a 
Mike Allen,mikeallen@hotmail.com,34,26/05/2023,
,noemail,25,20/07/2024,OK
Robert Hall,roberthall@yahoo.com,34,, n/a 
Mike Walker,mikewalker@mail.com ,28,2024.08.10,N/A
chris hall,chrishall@mail.com,28,24/02/2024,Needs improvement
Mike  Young,mikeyoung@mail.com ,,02/07/2023,Excellent
,noemail,28,,Good
,noemail,28,,Good
Robert Johnson,robertjohnson@gmail.com,22,03/02/2023,OK
Mike Lee,mikelee@yahoo.com,22,13/11/2023,Excellent
Sarah Allen,sarahallen@hotmail.com,28,03/09/2024,Needs improvement
Chris Young,chrisyoung@hotmail.com,30,22/08/2023, n/a 
John Young,johnyoung@yahoo.com,28,10/07/2023,Good
Sarah Lewis,sarahlewisyahoo.com ,30,,Excellent
Anna  Walker,annawalker@yahoo.com,28,2023.01.07,Excellent
Laura Smith,laurasmith@yahoo.com,,12/02/2023,N/A
,noemail,34,14/06/2023,Excellent
